,Cppcheck,Bandit,Semgrep
Cppcheck,1.0,0.0,0.0
Bandit,0.0,1.0,0.23333333333333334
Semgrep,0.0,0.23333333333333334,1.0
